{
  "project_info": {
    "project_number": "807913056664",
    "project_id": "mobilelab-12d7a",
    "storage_bucket": "mobilelab-12d7a.appspot.com"
  },
  "client": [
    {
      "client_info": {
        "mobilesdk_app_id": "1:807913056664:android:9e55e79de9b9dc44a823ed",
        "android_client_info": {
          "package_name": "com.example.mobilelab"
        }
      },
      "oauth_client": [
        {
          "client_id": "807913056664-rc1t3ii7sdsh97dal4jn4qn1nff98vq5.apps.googleusercontent.com",
          "client_type": 3
        }
      ],
      "api_key": [
        {
          "current_key": "AIzaSyArptBaLyHuXWJY6IVgLDbdirLpr5j1848"
        }
      ],
      "services": {
        "appinvite_service": {
          "other_platform_oauth_client": [
            {
              "client_id": "807913056664-rc1t3ii7sdsh97dal4jn4qn1nff98vq5.apps.googleusercontent.com",
              "client_type": 3
            }
          ]
        }
      }
    }
  ],
  "configuration_version": "1"
}